{"cameraMode":{"drawMode":0,"name":"Shaded","section":"Shading Mode"},"sceneLighting":false,"audioPlay":false,"sceneViewState":{"m_AlwaysRefresh":false,"showFog":true,"showSkybox":false,"showFlares":true,"showImageEffects":true,"showParticleSystems":true,"showVisualEffectGraphs":true,"m_FxEnabled":true},"in2DMode":false,"pivot":{"x":3.1412248611450197,"y":1.3142567873001099,"z":12.966374397277832},"rotation":{"x":-0.10385023057460785,"y":-0.24703912436962129,"z":0.026631085202097894,"w":-0.9631121158599854},"size":2.673480272293091,"orthographic":false}